latitude,longitude,brightness,scan,track,acq_date,acq_time,satellite,confidence,version,bright_t31,frp
-6.359,-47.184,309.1,1.1,1,2015-01-01, 0445,A,64,5.0,292,14.3
-6.569,-51.104,314.8,1.1,1.1,2015-01-01, 0445,A,86,5.0,292.4,20.9
-6.571,-51.095,322.7,1.1,1.1,2015-01-01, 0445,A,100,5.0,292.7,31.9
-6.364,-47.178,313,1,1,2015-01-01, 0145,T,81,5.0,292.8,16
-6.365,-47.188,320,1,1,2015-01-01, 0145,T,99,5.0,293.1,24.1
-6.356,-47.189,307.1,1,1,2015-01-01, 0145,T,51,5.0,292.2,10.6
-7.308,-55.31,314.5,2.5,1.5,2015-01-01, 0145,T,85,5.0,289.6,64.7
-5.474,-47.831,306.9,1,1,2015-01-01, 0145,T,50,5.0,292.3,9.4
-3.647,-50.956,305.3,1.1,1,2015-01-01, 0145,T,28,5.0,291.6,9.1
-4.073,-54.627,308.9,1.9,1.4,2015-01-01, 0145,T,64,5.0,290.3,28.9
-3.377,-50.934,305.4,1.1,1,2015-01-01, 0145,T,30,5.0,291.7,7.8
-3.368,-50.935,305.1,1.1,1,2015-01-01, 0145,T,16,5.0,291.5,7.5
-3.163,-52.598,306.9,1.3,1.1,2015-01-01, 0145,T,50,5.0,290.9,14.1
-3.165,-52.591,309.3,1.3,1.1,2015-01-01, 0145,T,65,5.0,290.9,17.3
-2.162,-53.589,308.2,1.5,1.2,2015-01-01, 0145,T,59,5.0,291.1,15.7
-2.056,-53.188,306.8,1.4,1.2,2015-01-01, 0145,T,49,5.0,291,12.1
-1.712,-53.229,315.9,1.4,1.2,2015-01-01, 0145,T,89,5.0,291.2,27.6
-1.714,-53.242,312.2,1.4,1.2,2015-01-01, 0145,T,78,5.0,291.2,21.6
-1.672,-53.096,312,1.4,1.2,2015-01-01, 0145,T,66,5.0,290.7,20.4
-1.676,-53.102,308.3,1.4,1.2,2015-01-01, 0145,T,57,5.0,291.1,15.4
-1.407,-52.437,308.6,1.2,1.1,2015-01-01, 0145,T,62,5.0,287.6,15.6
-1.337,-54.971,320.8,1,1,2015-01-01, 1410,T,51,5.0,297.3,13.4
-1.677,-53.099,331.3,1.2,1.1,2015-01-01, 1410,T,68,5.0,297.5,36
-1.565,-54.055,321.2,1.1,1,2015-01-01, 1410,T,49,5.0,303,13
-2.6,-47.065,311.7,3.4,1.7,2015-01-01, 1410,T,36,5.0,288.7,54.1
-2.595,-47.069,312.1,3.4,1.7,2015-01-01, 1410,T,40,5.0,289.8,62.3
-1.73,-53.365,320.9,1.1,1.1,2015-01-01, 1410,T,32,5.0,297.1,13.7
-1.66,-53.909,316.2,1.1,1,2015-01-01, 1410,T,34,5.0,300,10.5
-1.792,-53.503,323,1.1,1.1,2015-01-01, 1410,T,53,5.0,296.5,16.1
-1.812,-53.567,326.4,1.1,1.1,2015-01-01, 1410,T,80,5.0,299.2,20.4
-1.813,-53.557,323.2,1.1,1.1,2015-01-01, 1410,T,41,5.0,299.7,15.4
-1.892,-53.882,329.6,1.1,1,2015-01-01, 1410,T,0,5.0,299.8,27.6
-1.883,-54.008,319.7,1.1,1,2015-01-01, 1410,T,69,5.0,301.8,13.5
-2.051,-54.315,316.5,1.1,1,2015-01-01, 1410,T,58,5.0,298.3,8.9
-2.183,-54.412,331.6,1,1,2015-01-01, 1410,T,84,5.0,299.8,26.1
-2.185,-54.403,322.3,1,1,2015-01-01, 1410,T,63,5.0,298.1,13.2
-2.895,-52.389,311.8,1.3,1.1,2015-01-01, 1410,T,25,5.0,295.1,12.1
-2.68,-54.98,317.7,1,1,2015-01-01, 1410,T,52,5.0,293.7,13.2
-3.339,-54.629,327.4,1,1,2015-01-01, 1410,T,81,5.0,294.7,28.9
-3.341,-54.619,314.7,1.1,1,2015-01-01, 1410,T,62,5.0,295,12.2
-7.715,-46.422,312.7,4.6,2,2015-01-01, 1410,T,41,5.0,291.2,72.3
-7.715,-46.427,312.6,4.6,2,2015-01-01, 1410,T,50,5.0,291.2,70.1
-7.379,-55.652,315.6,1,1,2015-01-01, 1410,T,54,5.0,297.7,12.3
-7.05,-59.444,313.8,1.2,1.1,2015-01-01, 1410,T,59,5.0,297,11.2
-9.108,-47.579,314.4,3.9,1.8,2015-01-01, 1410,T,61,5.0,295.1,63.4
-9.316,-55.873,317.2,1.1,1,2015-01-01, 1410,T,46,5.0,300.1,13.7
-9.705,-54.681,314.3,1.2,1.1,2015-01-01, 1410,T,46,5.0,298.4,14.3
3.954,-71.749,312.8,2.4,1.5,2015-01-01, 1845,A,0,5.0,290,26.8
4.837,-70.811,315.8,2.9,1.6,2015-01-01, 1845,A,65,5.0,295.8,49.5
4.834,-70.837,316.9,2.9,1.6,2015-01-01, 1845,A,67,5.0,295.7,53.7
4.562,-68.62,311,4.6,2,2015-01-01, 1545,T,46,5.0,293.7,69.6
4.562,-68.627,312.9,4.6,2,2015-01-01, 1545,T,56,5.0,293.7,86.2
4.659,-69.454,311.4,3.9,1.8,2015-01-01, 1545,T,48,5.0,294,50.9
4.543,-69.555,311.1,3.9,1.8,2015-01-01, 1545,T,46,5.0,294.2,45
4.798,-71.968,317.1,2.5,1.5,2015-01-01, 1545,T,67,5.0,296.9,44.1
4.795,-71.946,313.1,2.5,1.5,2015-01-01, 1545,T,57,5.0,294.7,27.9
4.238,-70.826,311.9,3.1,1.7,2015-01-01, 1545,T,51,5.0,296.3,31.6
-8.629,-45.925,323.8,1.8,1.3,2015-01-01, 1705,A,49,5.0,304.5,37.4
-9.193,-51.787,326.5,1,1,2015-01-01, 1705,A,69,5.0,308.7,17.7
-7.543,-50.546,319.8,1,1,2015-01-01, 1705,A,57,5.0,301.3,15.9
-7.574,-55.166,340.1,1.4,1.2,2015-01-01, 1705,A,90,5.0,296.5,75
-7.576,-55.179,319.4,1.4,1.2,2015-01-01, 1705,A,71,5.0,296.2,24.4
-7.564,-55.167,328.5,1.4,1.2,2015-01-01, 1705,A,81,5.0,297.2,43.8
-7.565,-55.18,315.3,1.4,1.2,2015-01-01, 1705,A,38,5.0,296.9,16.4
-6.573,-51.097,318,1,1,2015-01-01, 1705,A,50,5.0,299.2,12.4
-6.463,-52.771,320.7,1,1,2015-01-01, 1705,A,73,5.0,299.8,15.4
-3.856,-51.088,314.5,1,1,2015-01-01, 1705,A,58,5.0,294.4,11.9
-4.233,-55.256,317.8,1.3,1.1,2015-01-01, 1705,A,68,5.0,294.5,23.3
-3.692,-51.988,322.2,1,1,2015-01-01, 1705,A,75,5.0,299.8,18.2
-3.978,-54.599,319.4,1.2,1.1,2015-01-01, 1705,A,59,5.0,293.3,16
-2.593,-47.079,325.5,1.8,1.3,2015-01-01, 1705,A,61,5.0,298.5,40.6
-2.265,-45.466,320.5,2.5,1.5,2015-01-01, 1705,A,73,5.0,295.9,44.8
-2.506,-47.116,320.8,1.8,1.3,2015-01-01, 1705,A,73,5.0,298.1,24.9
-2.508,-47.132,325,1.8,1.3,2015-01-01, 1705,A,78,5.0,298.7,38
-2.641,-48.164,317,1.5,1.2,2015-01-01, 1705,A,41,5.0,297.3,15.9
-3.051,-51.694,325.2,1,1,2015-01-01, 1705,A,74,5.0,301.6,16.1
-3.188,-53.743,312.7,1.1,1,2015-01-01, 1705,A,39,5.0,293.6,8.4
-2.855,-51.485,316.1,1,1,2015-01-01, 1705,A,43,5.0,299.9,12.5
-2.859,-52.597,321.1,1,1,2015-01-01, 1705,A,0,5.0,290.8,15.5
-2.719,-52.974,318.4,1,1,2015-01-01, 1705,A,31,5.0,301,11.6
-2.964,-54.679,325.2,1.1,1.1,2015-01-01, 1705,A,75,5.0,297.7,18.8
-2.979,-54.92,316.6,1.2,1.1,2015-01-01, 1705,A,52,5.0,295.6,13.1
-2.836,-54.248,315.1,1.1,1,2015-01-01, 1705,A,44,5.0,295.5,9.1
-2.682,-54.905,329.3,1.2,1.1,2015-01-01, 1705,A,72,5.0,302.8,23.9
-2.278,-52.199,321.6,1,1,2015-01-01, 1705,A,37,5.0,302,13.6
-2.646,-54.857,322.5,1.2,1.1,2015-01-01, 1705,A,45,5.0,300.9,11.1
-2.647,-54.868,327.6,1.2,1.1,2015-01-01, 1705,A,78,5.0,299.5,19.7
-2.7,-55.387,346.6,1.2,1.1,2015-01-01, 1705,A,93,5.0,296.8,81.3
-2.702,-55.398,333.6,1.3,1.1,2015-01-01, 1705,A,86,5.0,294.7,48.2
-2.698,-55.382,326.6,1.2,1.1,2015-01-01, 1705,A,80,5.0,294.8,34.5
-2.7,-55.393,340.6,1.2,1.1,2015-01-01, 1705,A,90,5.0,296.9,65.4
-2.257,-52.892,320.6,1,1,2015-01-01, 1705,A,73,5.0,302.2,15.7
-2.381,-53.818,320.3,1,1,2015-01-01, 1705,A,72,5.0,299.8,16.1
-2.338,-53.843,336.7,1.1,1,2015-01-01, 1705,A,83,5.0,301.8,39.3
-1.901,-52.721,319.6,1,1,2015-01-01, 1705,A,66,5.0,298.5,9.9
-2.054,-54.305,322.3,1.1,1,2015-01-01, 1705,A,47,5.0,301.5,11.6
-2.056,-54.315,357.9,1.1,1,2015-01-01, 1705,A,99,5.0,303.9,88.1
-2.057,-54.325,318.1,1.1,1,2015-01-01, 1705,A,46,5.0,299.5,7.6
-1.761,-52.32,327.9,1,1,2015-01-01, 1705,A,67,5.0,300.1,16.6
-2.005,-54.293,323.9,1.1,1,2015-01-01, 1705,A,57,5.0,299.4,14.8
-1.702,-52.553,333.8,1,1,2015-01-01, 1705,A,86,5.0,293.9,31.5
-1.703,-52.562,317.8,1,1,2015-01-01, 1705,A,66,5.0,289.3,9.3
-1.892,-53.881,324.3,1,1,2015-01-01, 1705,A,0,5.0,303.2,16.2
-1.893,-53.89,346.9,1,1,2015-01-01, 1705,A,0,5.0,306,57.4
-1.809,-53.563,323.7,1,1,2015-01-01, 1705,A,29,5.0,300.5,15.4
-1.811,-53.572,330.7,1,1,2015-01-01, 1705,A,77,5.0,300.1,24.5
-1.824,-53.915,331,1,1,2015-01-01, 1705,A,76,5.0,300.7,26
-1.69,-53.043,325.8,1,1,2015-01-01, 1705,A,61,5.0,298.3,18.2
-1.717,-53.231,323.8,1,1,2015-01-01, 1705,A,68,5.0,299,14.5
-1.718,-53.24,324.3,1,1,2015-01-01, 1705,A,65,5.0,300,15.4
-1.727,-53.368,334.8,1,1,2015-01-01, 1705,A,73,5.0,301.6,29.8
-1.679,-53.099,334,1,1,2015-01-01, 1705,A,86,5.0,304.6,28.6
-1.681,-53.108,387.9,1,1,2015-01-01, 1705,A,100,5.0,308,185
-1.682,-53.117,366.6,1,1,2015-01-01, 1705,A,100,5.0,303.5,104.1
-1.67,-53.101,352.2,1,1,2015-01-01, 1705,A,96,5.0,300.5,64.2
-1.672,-53.109,344.4,1,1,2015-01-01, 1705,A,92,5.0,300.1,47.5
-1.676,-53.529,323.9,1,1,2015-01-01, 1705,A,63,5.0,301.5,17.4
-1.487,-53.559,323.8,1,1,2015-01-01, 1705,A,41,5.0,299.6,15.9
-1.488,-53.569,327.9,1,1,2015-01-01, 1705,A,68,5.0,297.7,22.2
-1.314,-52.866,317.8,1,1,2015-01-01, 1705,A,33,5.0,298.7,10.2
-1.289,-53.461,337.8,1,1,2015-01-01, 1705,A,88,5.0,302.3,35.3
-1.29,-53.47,327,1,1,2015-01-01, 1705,A,69,5.0,304.2,18.6
-1.178,-53.649,315,1,1,2015-01-01, 1705,A,58,5.0,299,9.3
-1.179,-53.658,316.1,1,1,2015-01-01, 1705,A,62,5.0,300,10.4
-1.152,-53.725,321.9,1,1,2015-01-01, 1705,A,72,5.0,304.9,16
-1.117,-53.674,312.2,1,1,2015-01-01, 1705,A,47,5.0,296.4,7
2.774,-59.688,313.6,2.1,1.4,2015-01-01, 1705,A,15,5.0,292.2,21.8
-10.362,-64.826,307.3,2.2,1.4,2015-01-02, 0230,T,53,5.0,282,38.2
-9.489,-59.216,308.5,1,1,2015-01-02, 0230,T,61,5.0,290.8,11.3
1.24,-60.626,310.2,1,1,2015-01-02, 0230,T,70,5.0,292,12.3
2.674,-60.893,313,1,1,2015-01-02, 0230,T,80,5.0,293.7,13.7
-9.253,-60.325,318.5,1,1,2015-01-02, 0530,A,67,5.0,281.9,25.7
-9.255,-60.316,325.1,1,1,2015-01-02, 0530,A,100,5.0,286.3,32.1
-9.263,-60.317,330.3,1,1,2015-01-02, 0530,A,96,5.0,284.7,41.3
-2.053,-53.483,305.3,1.8,1.3,2015-01-02, 0525,A,16,5.0,290.8,21.5
-1.77,-45.997,332.4,1.5,1.2,2015-01-02, 1315,T,85,5.0,302.8,40.1
-2.039,-45.791,323.8,1.5,1.2,2015-01-02, 1315,T,64,5.0,300.2,20.6
-2.043,-45.798,321.6,1.5,1.2,2015-01-02, 1315,T,71,5.0,300.1,16.7
-2.361,-45.732,324.8,1.4,1.2,2015-01-02, 1315,T,78,5.0,302.7,16.5
-2.552,-45.904,339.1,1.5,1.2,2015-01-02, 1315,T,89,5.0,300.3,57.9
-2.554,-45.891,327.6,1.5,1.2,2015-01-02, 1315,T,81,5.0,302.2,26.4
-7.591,-42.419,325.2,1,1,2015-01-02, 1315,T,58,5.0,307.4,16.8
-8.278,-45.768,319.3,1.2,1.1,2015-01-02, 1315,T,52,5.0,303.2,14
-8.944,-47.93,319.8,1.6,1.2,2015-01-02, 1315,T,65,5.0,300.8,25
-8.955,-47.932,317.7,1.6,1.2,2015-01-02, 1315,T,28,5.0,300,20.6
-3.513,-46.815,312.1,3.2,1.7,2015-01-02, 1610,A,46,5.0,290.5,56
-3.32,-46.087,313.6,2.8,1.6,2015-01-02, 1610,A,24,5.0,293.4,33.9
-3.164,-45.483,333.6,2.5,1.5,2015-01-02, 1610,A,86,5.0,297.3,130.8
-3.156,-45.49,318.1,2.5,1.5,2015-01-02, 1610,A,57,5.0,296.1,45.8
-2.174,-47.12,314.9,3.3,1.7,2015-01-02, 1610,A,50,5.0,293,62.4
-2.173,-47.096,312.7,3.2,1.7,2015-01-02, 1610,A,45,5.0,292.7,47
-1.832,-45.902,316.7,2.6,1.5,2015-01-02, 1610,A,57,5.0,295,42.8
-1.748,-45.708,320.8,2.5,1.5,2015-01-02, 1610,A,73,5.0,292.5,56.7
-1.452,-49.266,312.3,4.7,2,2015-01-02, 1610,A,35,5.0,292.8,72.1
-0.998,-48.001,317.7,3.7,1.8,2015-01-02, 1610,A,68,5.0,293.2,79.5
-9.129,-61.496,327.2,1,1,2015-01-02, 1745,A,80,5.0,297,21.2
-9.13,-61.505,320.4,1,1,2015-01-02, 1745,A,71,5.0,297.6,12.5
-3.718,-54.814,314.3,3.1,1.7,2015-01-02, 1745,A,54,5.0,294.1,46
5.144,-69.394,315.1,1.6,1.2,2015-01-02, 1450,T,50,5.0,299.9,15.6
3.587,-60.776,325.8,1.6,1.2,2015-01-02, 1450,T,64,5.0,299.1,31.3
3.568,-60.956,328,1.5,1.2,2015-01-02, 1450,T,81,5.0,293.6,48.2
3.416,-60.263,327.1,1.8,1.3,2015-01-02, 1450,T,69,5.0,298.5,41.6
4.729,-70.501,313.9,1.9,1.3,2015-01-02, 1450,T,57,5.0,297.1,17.2
4.697,-70.712,316.1,1.9,1.4,2015-01-02, 1450,T,65,5.0,298.2,21
4.661,-70.717,315.5,1.9,1.4,2015-01-02, 1450,T,60,5.0,297.8,20.4
4.669,-70.723,318.9,1.9,1.4,2015-01-02, 1450,T,70,5.0,297.9,29.2
3.872,-67.043,320.9,1.1,1,2015-01-02, 1450,T,8,5.0,302.8,12.9
3.864,-67.054,324.2,1.1,1,2015-01-02, 1450,T,76,5.0,302.2,17.2
3.858,-67.061,315.4,1.1,1,2015-01-02, 1450,T,42,5.0,301.5,9.5
2.658,-59.355,321.2,2.1,1.4,2015-01-02, 1450,T,28,5.0,292.5,44.1
4.044,-70.456,319.8,1.8,1.3,2015-01-02, 1450,T,72,5.0,295.9,34.2
4.042,-70.439,326.3,1.8,1.3,2015-01-02, 1450,T,79,5.0,296.2,53.6
4.069,-70.895,311.8,2,1.4,2015-01-02, 1450,T,51,5.0,294.4,15.3
3.997,-70.771,314.7,1.9,1.3,2015-01-02, 1450,T,62,5.0,295.9,20.9
2.287,-59.685,319.5,2,1.4,2015-01-02, 1450,T,64,5.0,293.3,34.8
2.378,-61.431,311.8,1.5,1.2,2015-01-02, 1450,T,22,5.0,294.9,13.7
2.179,-61.266,316.1,1.5,1.2,2015-01-02, 1450,T,65,5.0,293.7,23.3
2.046,-61.228,313,1.6,1.2,2015-01-02, 1450,T,57,5.0,297.3,15.3
2.015,-61.468,315.6,1.5,1.2,2015-01-02, 1450,T,64,5.0,298.7,21.2
3.422,-71.793,318.4,2.2,1.5,2015-01-02, 1450,T,70,5.0,294.9,43
3.424,-71.799,315,2.2,1.5,2015-01-02, 1450,T,63,5.0,295,33.1
2.778,-72.036,314.9,2.3,1.5,2015-01-02, 1450,T,57,5.0,295.4,32.1
-8.324,-43.51,315.7,2.1,1.4,2015-01-02, 1610,A,42,5.0,300.5,31
-8.456,-46.601,315.1,3.7,1.8,2015-01-02, 1610,A,30,5.0,299.8,70.9
-8.46,-46.635,316.6,3.8,1.8,2015-01-02, 1610,A,43,5.0,301.5,85.5
-8.449,-46.606,316.3,3.7,1.8,2015-01-02, 1610,A,43,5.0,300,83.2
-7.901,-45.74,315.3,3.1,1.7,2015-01-02, 1610,A,31,5.0,297.6,51.4
-7.348,-44.126,317.6,2.3,1.5,2015-01-02, 1610,A,38,5.0,298.4,30.2
-7.269,-43.723,318.9,2.1,1.4,2015-01-02, 1610,A,31,5.0,300.1,35.2
-7.27,-44.405,317.1,2.4,1.5,2015-01-02, 1610,A,51,5.0,297.6,40.6
-7.289,-45.942,318.9,3.2,1.7,2015-01-02, 1610,A,38,5.0,299.7,70.5
-7.292,-45.946,317.6,3.2,1.7,2015-01-02, 1610,A,33,5.0,299.2,63
-7.134,-45.556,311.9,2.9,1.6,2015-01-02, 1610,A,45,5.0,294,39
-6.674,-44.055,313.7,2.2,1.4,2015-01-02, 1610,A,19,5.0,296.7,35.2
-6.676,-44.06,314,2.2,1.4,2015-01-02, 1610,A,40,5.0,296.6,34.3
-6.715,-45.94,311.4,3.1,1.7,2015-01-02, 1610,A,37,5.0,291.4,46.6
3.256,-60.536,333.3,1.5,1.2,2015-01-02, 1750,A,85,5.0,301.9,44.1
3.254,-60.549,328.7,1.4,1.2,2015-01-02, 1750,A,70,5.0,299.2,30.6
3.227,-60.74,364.9,1.4,1.2,2015-01-02, 1750,A,100,5.0,300.2,157
2.074,-72.656,311,3.2,1.7,2015-01-02, 1750,A,42,5.0,292.4,39.6
3.154,-65.561,322,1,1,2015-01-02, 1750,A,75,5.0,307.3,16.9
2.702,-72.131,310.2,2.8,1.6,2015-01-02, 1750,A,20,5.0,291.3,26.3
3.478,-67.977,317.1,1.3,1.1,2015-01-02, 1750,A,49,5.0,294.1,17.7
3.857,-67.062,341.6,1.2,1.1,2015-01-02, 1750,A,91,5.0,306.3,50.4
3.856,-67.073,351.2,1.2,1.1,2015-01-02, 1750,A,96,5.0,305.7,76.8
3.867,-67.064,326.5,1.2,1.1,2015-01-02, 1750,A,71,5.0,304.4,19.4
3.873,-67.05,321.4,1.2,1.1,2015-01-02, 1750,A,38,5.0,306.3,14.9
3.896,-67.032,334.1,1.2,1.1,2015-01-02, 1750,A,76,5.0,302.9,35.1
3.908,-67.013,317.1,1.2,1.1,2015-01-02, 1750,A,38,5.0,299.6,12
4.231,-66.393,318.2,1.1,1,2015-01-02, 1750,A,68,5.0,301.3,13.6
3.631,-71.588,310.7,2.5,1.5,2015-01-02, 1750,A,17,5.0,288.9,28
3.632,-72.412,313.9,2.9,1.6,2015-01-02, 1750,A,24,5.0,293,33.6
3.787,-71.186,313.9,2.3,1.5,2015-01-02, 1750,A,45,5.0,294.7,27.9
3.634,-72.419,314.8,2.9,1.6,2015-01-02, 1750,A,59,5.0,294.1,39.9
3.519,-73.249,313.8,3.4,1.7,2015-01-02, 1750,A,59,5.0,293.8,40
4.779,-67.417,315.6,1.2,1.1,2015-01-02, 1750,A,64,5.0,299.1,11.9
4.789,-68.174,317.8,1.3,1.1,2015-01-02, 1750,A,63,5.0,304.4,17.5
4.749,-68.634,314.2,1.4,1.2,2015-01-02, 1750,A,43,5.0,297.7,9.4
4.504,-70.296,320.2,1.9,1.3,2015-01-02, 1750,A,70,5.0,296.5,40.8
4.884,-68.231,319.7,1.3,1.1,2015-01-02, 1750,A,39,5.0,302.8,16.6
4.759,-69.615,320.1,1.7,1.3,2015-01-02, 1750,A,72,5.0,300.1,22.5
4.757,-69.63,317.8,1.7,1.3,2015-01-02, 1750,A,67,5.0,299.9,16.7
4.997,-68.284,330.9,1.3,1.1,2015-01-02, 1750,A,80,5.0,303.4,33.6
4.712,-70.137,314.8,1.8,1.3,2015-01-02, 1750,A,58,5.0,296.9,18.3
5.007,-68.286,334.8,1.3,1.1,2015-01-02, 1750,A,86,5.0,304.8,43.4
5.14,-67.804,331.2,1.2,1.1,2015-01-02, 1750,A,67,5.0,303.1,33
5.14,-67.81,325.7,1.2,1.1,2015-01-02, 1750,A,49,5.0,304.9,23.4
4.714,-71.823,313,2.5,1.5,2015-01-02, 1750,A,40,5.0,296.3,31.2
5.098,-70.338,318,1.9,1.3,2015-01-02, 1750,A,59,5.0,297.5,21.2
5.06,-71.441,323.4,2.3,1.5,2015-01-02, 1750,A,76,5.0,294.6,66.4
5.061,-71.427,317.2,2.3,1.5,2015-01-02, 1750,A,67,5.0,293.9,45.6
5.058,-71.447,316.4,2.3,1.5,2015-01-02, 1750,A,66,5.0,293.9,42.2
5.319,-70.168,317.5,1.8,1.3,2015-01-02, 1750,A,59,5.0,300.9,18.9
5.326,-70.175,320.6,1.8,1.3,2015-01-02, 1750,A,70,5.0,300.6,27.1
5.633,-70.683,320.6,1.9,1.4,2015-01-02, 1750,A,73,5.0,300.9,30.7
5.637,-70.688,317.6,1.9,1.4,2015-01-02, 1750,A,68,5.0,300.5,22
-10.04,-62.011,315.9,1,1,2015-01-02, 1745,A,43,5.0,297.5,8.5
-7.103,-45.976,322.6,1,1,2015-01-03, 0135,T,100,5.0,292.8,27.5
-4.242,-46.495,306.2,1,1,2015-01-03, 0135,T,43,5.0,289.5,8.7
-3.249,-47.28,306.1,1,1,2015-01-03, 0135,T,32,5.0,285.8,13.4
-3.242,-47.287,309.7,1,1,2015-01-03, 0135,T,68,5.0,287.7,18
-3.06,-47.363,306.9,1,1,2015-01-03, 0135,T,50,5.0,291.6,9.8
-3.162,-52.591,317.7,2.3,1.5,2015-01-03, 0135,T,94,5.0,290.2,67.5
-9.723,-60.205,311.4,3.6,1.8,2015-01-03, 0310,T,75,5.0,287.1,94.4
-9.253,-60.321,305.3,3.6,1.8,2015-01-03, 0310,T,27,5.0,288.4,61.1
-9.26,-60.325,305.1,3.6,1.8,2015-01-03, 0310,T,12,5.0,288.3,57.6
4.692,-69.832,305.5,1.2,1.1,2015-01-03, 0315,T,31,5.0,294.2,9.1
-7.098,-45.973,314.6,1,1,2015-01-03, 0435,A,86,5.0,292.5,18
-6.566,-51.1,305.5,1.8,1.3,2015-01-03, 0435,A,32,5.0,290.7,20.5
-2.382,-47.101,308.9,1.1,1.1,2015-01-03, 0430,A,63,5.0,292,14.8
-2.387,-47.108,312.5,1.1,1.1,2015-01-03, 0430,A,79,5.0,292.2,19
-3.238,-47.278,306.6,1.1,1.1,2015-01-03, 0430,A,47,5.0,292,11.6
-3.502,-46.81,308.4,1.1,1,2015-01-03, 0430,A,61,5.0,291.7,12.6
-2.388,-47.108,314.9,1,1,2015-01-03, 0135,T,87,5.0,277.1,21.4
-3.164,-52.597,322.7,2.3,1.5,2015-01-03, 0135,T,100,5.0,290.2,87.4
-2.991,-52.484,309.2,2.2,1.4,2015-01-03, 0135,T,65,5.0,290.4,35.6
-3.164,-52.611,306.5,2.3,1.5,2015-01-03, 0135,T,45,5.0,290.2,30.7
5.019,-69.849,310.7,1.1,1,2015-01-03, 0610,A,66,5.0,292.8,13.3
5.009,-69.841,306.8,1.1,1,2015-01-03, 0610,A,42,5.0,293,9.4
4.999,-69.842,314.3,1.1,1,2015-01-03, 0610,A,85,5.0,293.6,17.2
5.283,-70.326,314.7,1.9,1.3,2015-01-03, 1535,T,62,5.0,299.4,18.2
5.479,-71.793,320.7,1.4,1.2,2015-01-03, 1535,T,73,5.0,299.3,23.4
2.749,-59.463,319.2,2.9,1.6,2015-01-03, 1355,T,71,5.0,297.7,36.1
1.194,-50.529,337.7,1.1,1,2015-01-03, 1355,T,69,5.0,299.8,41.3
-0.331,-49.14,318.9,1.3,1.1,2015-01-03, 1355,T,38,5.0,292.9,15.6
-0.544,-48.517,322.4,1.4,1.2,2015-01-03, 1355,T,29,5.0,301.1,14.9
-1.066,-47.358,310.4,1.7,1.3,2015-01-03, 1355,T,28,5.0,290.8,18.3
-0.85,-49.016,324.6,1.3,1.1,2015-01-03, 1355,T,29,5.0,303.4,29.2
-0.814,-51.776,312.3,1,1,2015-01-03, 1355,T,53,5.0,294.5,8.4
-1.831,-47.782,312.5,1.7,1.3,2015-01-03, 1355,T,48,5.0,291.5,18.4
-1.341,-52.262,317,1,1,2015-01-03, 1355,T,43,5.0,298.3,12.2
-1.308,-52.863,317.7,1,1,2015-01-03, 1355,T,59,5.0,297.9,11.9
-1.424,-52.198,321.2,1,1,2015-01-03, 1355,T,23,5.0,300.9,13.8
-1.255,-53.964,322.1,1.1,1,2015-01-03, 1355,T,43,5.0,297.4,15.3
-1.487,-52.522,324.5,1,1,2015-01-03, 1355,T,67,5.0,298.3,18.3
-1.374,-53.662,324.6,1,1,2015-01-03, 1355,T,61,5.0,305.9,18.8
-1.747,-52.323,348.8,1,1,2015-01-03, 1355,T,95,5.0,300.4,55.8
-1.748,-52.314,333.7,1,1,2015-01-03, 1355,T,86,5.0,299.8,26.7
-1.678,-53.096,323,1,1,2015-01-03, 1355,T,54,5.0,303.7,15.2
-1.781,-52.401,352.1,1,1,2015-01-03, 1355,T,96,5.0,299.5,66.8
-1.819,-52.142,322.2,1,1,2015-01-03, 1355,T,64,5.0,299,12.8
-1.617,-53.754,323.8,1,1,2015-01-03, 1355,T,77,5.0,301.1,16.7
-1.637,-53.814,322.5,1,1,2015-01-03, 1355,T,40,5.0,303.8,14.5
-1.862,-53.726,328.3,1,1,2015-01-03, 1355,T,0,5.0,298.8,22.2
-2.075,-53.47,318.1,1,1,2015-01-03, 1355,T,24,5.0,300.2,8.6
-2.092,-53.535,320.6,1,1,2015-01-03, 1355,T,57,5.0,301.3,14.6
-2.133,-54.319,320.1,1.1,1,2015-01-03, 1355,T,72,5.0,299.9,12.6
-2.656,-52.278,314.4,1,1,2015-01-03, 1355,T,47,5.0,296.6,9.5
-2.681,-52.172,319.5,1,1,2015-01-03, 1355,T,60,5.0,302.2,14.7
-2.59,-54.406,324.4,1.1,1,2015-01-03, 1355,T,73,5.0,293.8,22.3
-2.592,-54.397,335.2,1.1,1,2015-01-03, 1355,T,75,5.0,294.9,40.1
-3.279,-53.861,316.4,1,1,2015-01-03, 1355,T,62,5.0,292.5,12.8
-3.197,-54.894,318.3,1.1,1.1,2015-01-03, 1355,T,34,5.0,301.8,12.8
-3.214,-54.785,319.4,1.1,1,2015-01-03, 1355,T,50,5.0,301.9,13.3
-3.581,-54.051,315.6,1,1,2015-01-03, 1355,T,53,5.0,300,11.6
-3.853,-53.528,315.7,1,1,2015-01-03, 1355,T,0,5.0,294.4,11.1
-5.638,-46.07,321.5,2.6,1.6,2015-01-03, 1400,T,51,5.0,299.4,58.5
-5.629,-46.076,318.6,2.6,1.6,2015-01-03, 1400,T,15,5.0,298.9,42.8
-5.632,-46.052,320.4,2.6,1.6,2015-01-03, 1400,T,43,5.0,299,54
-5.537,-46.977,313.8,2.2,1.4,2015-01-03, 1400,T,59,5.0,292.8,25.5
-5.729,-46.118,317.8,2.6,1.5,2015-01-03, 1400,T,56,5.0,298,37.6
-6.335,-45.419,317.7,3,1.7,2015-01-03, 1400,T,42,5.0,296.4,52.1
-7.008,-47.389,314.3,2.2,1.4,2015-01-03, 1400,T,59,5.0,295.8,24.3
-7.008,-47.394,317,2.2,1.4,2015-01-03, 1400,T,67,5.0,295.7,34
-7.491,-46.47,311.4,2.6,1.5,2015-01-03, 1400,T,29,5.0,294.1,32.7
-7.023,-52.643,316.2,1,1,2015-01-03, 1400,T,28,5.0,301.7,11.5
-7.961,-45.74,313,3,1.7,2015-01-03, 1400,T,54,5.0,296.6,41.6
-8.179,-46.153,314.7,2.8,1.6,2015-01-03, 1400,T,44,5.0,297.3,42.9
-8.181,-46.16,315,2.8,1.6,2015-01-03, 1400,T,63,5.0,297.1,46.1
-8.764,-45.021,315.9,3.5,1.8,2015-01-03, 1400,T,43,5.0,296.6,73.3
-8.757,-45.025,314.6,3.5,1.8,2015-01-03, 1400,T,32,5.0,295.6,60.2
-8.89,-46.052,317.8,2.9,1.6,2015-01-03, 1400,T,38,5.0,298.9,61.5
-8.89,-46.059,319.1,2.9,1.6,2015-01-03, 1400,T,18,5.0,299.7,66.6
-9.138,-48.252,317.3,2,1.4,2015-01-03, 1400,T,57,5.0,302.2,27
-9.202,-48.268,315.5,2,1.4,2015-01-03, 1400,T,64,5.0,301,24.2
-9.411,-50.234,312.9,1.4,1.2,2015-01-03, 1400,T,35,5.0,293.3,14
-9.421,-50.235,314,1.4,1.2,2015-01-03, 1400,T,52,5.0,294.6,17
-3.691,-51.123,314.1,1.1,1.1,2015-01-03, 1650,A,46,5.0,296,9
-3.58,-50.606,324.5,1.1,1,2015-01-03, 1650,A,78,5.0,296.9,22.7
-3.637,-51.321,316.7,1.1,1.1,2015-01-03, 1650,A,46,5.0,296.9,12.6
-4.149,-55.185,326.5,2.1,1.4,2015-01-03, 1650,A,69,5.0,290.6,76.3
-4.152,-55.204,331.8,2.1,1.4,2015-01-03, 1650,A,84,5.0,293,95.4
-3.692,-52.207,313.5,1.3,1.1,2015-01-03, 1650,A,27,5.0,293.8,10.5
-3.694,-52.218,314.5,1.3,1.1,2015-01-03, 1650,A,16,5.0,293.6,11
5.063,-69.195,352.5,2.3,1.5,2015-01-03, 1535,T,96,5.0,298.6,230.3
5.066,-69.2,343.2,2.3,1.5,2015-01-03, 1535,T,92,5.0,298.4,167.1
5.063,-69.18,324.3,2.3,1.5,2015-01-03, 1535,T,77,5.0,297.9,63.7
5.053,-69.202,318.5,2.3,1.5,2015-01-03, 1535,T,70,5.0,296.7,39.4
5.033,-69.411,317.6,2.2,1.4,2015-01-03, 1535,T,68,5.0,297.4,35.8
5.034,-69.417,317.4,2.2,1.4,2015-01-03, 1535,T,64,5.0,297.6,31.8
4.735,-69.354,312.7,2.3,1.5,2015-01-03, 1535,T,55,5.0,294.5,20.7
4.732,-69.334,316.9,2.3,1.5,2015-01-03, 1535,T,67,5.0,295.2,35.4
4.734,-69.339,320.4,2.3,1.5,2015-01-03, 1535,T,73,5.0,295.3,48.6
4.941,-71.226,313.1,1.6,1.2,2015-01-03, 1535,T,57,5.0,298.1,14.9
4.866,-70.828,319.4,1.7,1.3,2015-01-03, 1535,T,71,5.0,299,27.6
4.864,-70.813,321.1,1.7,1.3,2015-01-03, 1535,T,74,5.0,298.7,31.3
4.867,-70.819,328.9,1.7,1.3,2015-01-03, 1535,T,82,5.0,299.1,55.5
4.506,-68.722,313.5,2.6,1.5,2015-01-03, 1535,T,53,5.0,296.1,35
4.758,-71.012,325.9,1.7,1.3,2015-01-03, 1535,T,79,5.0,298.1,47.3
4.659,-70.531,317.1,1.8,1.3,2015-01-03, 1535,T,67,5.0,298.9,21.5
4.656,-70.515,321.7,1.8,1.3,2015-01-03, 1535,T,74,5.0,299.1,35.1
4.647,-70.533,326.7,1.8,1.3,2015-01-03, 1535,T,80,5.0,299.4,47.8
4.645,-70.517,331.8,1.8,1.3,2015-01-03, 1535,T,84,5.0,299.1,66.7
4.651,-70.522,340.1,1.8,1.3,2015-01-03, 1535,T,90,5.0,299.9,101.2
4.639,-70.524,314.5,1.8,1.3,2015-01-03, 1535,T,61,5.0,298.3,15.2
4.571,-70.399,318.7,1.9,1.3,2015-01-03, 1535,T,70,5.0,299.6,28.8
4.568,-70.382,326,1.9,1.3,2015-01-03, 1535,T,79,5.0,299.2,51.2
4.566,-70.365,331.7,1.9,1.3,2015-01-03, 1535,T,84,5.0,297.9,71.4
4.559,-70.401,318.8,1.9,1.3,2015-01-03, 1535,T,70,5.0,297.8,29.4
4.662,-71.509,311.4,1.6,1.2,2015-01-03, 1535,T,31,5.0,296.2,10.4
4.644,-71.609,325.9,1.5,1.2,2015-01-03, 1535,T,79,5.0,296,41.5
4.642,-71.596,315.8,1.5,1.2,2015-01-03, 1535,T,62,5.0,295.6,18.8
4.633,-71.611,313.2,1.5,1.2,2015-01-03, 1535,T,39,5.0,295.2,12.8
4.425,-70.241,313.6,2,1.4,2015-01-03, 1535,T,53,5.0,295.7,18.5
4.544,-71.561,313.4,1.5,1.2,2015-01-03, 1535,T,55,5.0,298,12.6
4.446,-71.078,317,1.7,1.3,2015-01-03, 1535,T,67,5.0,298.6,20.3
4.422,-70.926,320.6,1.7,1.3,2015-01-03, 1535,T,73,5.0,296.3,31.9
4.445,-71.068,313.8,1.7,1.3,2015-01-03, 1535,T,59,5.0,297.7,14.8
4.413,-70.933,319.7,1.7,1.3,2015-01-03, 1535,T,71,5.0,295.7,31.1
4.411,-70.918,312.4,1.7,1.3,2015-01-03, 1535,T,54,5.0,295.7,13.5
4.35,-70.518,314,1.9,1.3,2015-01-03, 1535,T,60,5.0,296.8,20
4.348,-70.502,313.2,1.9,1.3,2015-01-03, 1535,T,57,5.0,297.3,16.8
4.367,-70.941,317,1.7,1.3,2015-01-03, 1535,T,67,5.0,296.6,22.9
4.225,-70.188,311.7,2,1.4,2015-01-03, 1535,T,50,5.0,295.1,16.7
4.219,-70.177,314.1,2,1.4,2015-01-03, 1535,T,60,5.0,294.8,24.4
4.176,-71.044,313.8,1.7,1.3,2015-01-03, 1535,T,59,5.0,297.6,15.6
4.177,-71.035,315.7,1.7,1.3,2015-01-03, 1535,T,64,5.0,297.2,19.4
4.295,-72.263,322.4,1.4,1.2,2015-01-03, 1535,T,75,5.0,298.8,24.3
4.156,-71.664,318.4,1.5,1.2,2015-01-03, 1535,T,70,5.0,297.1,21.3
4.048,-71.853,318.7,1.5,1.2,2015-01-03, 1535,T,70,5.0,298.8,21.5
4.046,-71.839,313.6,1.5,1.2,2015-01-03, 1535,T,58,5.0,298,12.3
4.068,-72.194,316.9,1.4,1.2,2015-01-03, 1535,T,67,5.0,298.5,14.9
4.074,-72.199,320.1,1.4,1.2,2015-01-03, 1535,T,72,5.0,298.4,20.8
3.91,-71.699,313.8,1.5,1.2,2015-01-03, 1535,T,59,5.0,297.4,13.5
3.907,-71.692,313.7,1.6,1.2,2015-01-03, 1535,T,59,5.0,296.3,13
3.809,-71.344,331.7,1.6,1.3,2015-01-03, 1535,T,84,5.0,297.7,61.2
3.655,-70.335,317.7,2,1.4,2015-01-03, 1535,T,68,5.0,295.3,39.8
3.798,-71.345,322,1.6,1.3,2015-01-03, 1535,T,75,5.0,295.4,34
3.795,-71.331,316,1.7,1.3,2015-01-03, 1535,T,65,5.0,296.3,19.6
3.748,-71.622,314.3,1.6,1.2,2015-01-03, 1535,T,61,5.0,297.2,14.2
3.706,-71.424,311.2,1.6,1.3,2015-01-03, 1535,T,47,5.0,293.6,12.4
3.704,-71.41,311.3,1.6,1.3,2015-01-03, 1535,T,43,5.0,295,12.6
3.77,-72.44,314.7,1.4,1.2,2015-01-03, 1535,T,62,5.0,295.5,13.7
3.729,-72.243,318.3,1.4,1.2,2015-01-03, 1535,T,69,5.0,298.7,20.5
3.727,-72.23,318.4,1.4,1.2,2015-01-03, 1535,T,70,5.0,297.5,20.2
3.499,-71.423,313.5,1.6,1.3,2015-01-03, 1535,T,40,5.0,288.9,19.3
3.677,-73.385,313.8,1.2,1.1,2015-01-03, 1535,T,49,5.0,298.2,9.5
3.272,-71.899,320.9,1.5,1.2,2015-01-03, 1535,T,73,5.0,293.9,28.4
3.27,-71.885,327.2,1.5,1.2,2015-01-03, 1535,T,80,5.0,294.7,44.5
3.259,-71.887,323.5,1.5,1.2,2015-01-03, 1535,T,76,5.0,294,35.9
-9.419,-50.234,323.7,1.2,1.1,2015-01-03, 1650,A,58,5.0,302,24.1
-9.287,-50.468,321,1.2,1.1,2015-01-03, 1650,A,52,5.0,303.8,20.7
-8.82,-49.89,312.7,1.1,1,2015-01-03, 1650,A,55,5.0,292.1,9.8
-8.784,-51.803,322.2,1.4,1.2,2015-01-03, 1650,A,49,5.0,305.4,28.6
-7.937,-46.602,323.2,1.1,1,2015-01-03, 1650,A,43,5.0,305.8,10.5
-8.122,-49.167,325.5,1,1,2015-01-03, 1650,A,79,5.0,303.7,18.5
-7.703,-49.785,324.6,1.1,1,2015-01-03, 1650,A,51,5.0,307.5,17.9
-7.722,-50.199,345.4,1.1,1,2015-01-03, 1650,A,93,5.0,298.6,62.9
-7.1,-45.982,335.2,1.2,1.1,2015-01-03, 1650,A,76,5.0,305.6,32.6
-7.564,-49.724,326.2,1.1,1,2015-01-03, 1650,A,71,5.0,304.4,14.5
-7.566,-49.733,322.9,1.1,1,2015-01-03, 1650,A,41,5.0,304.4,10.6
-7.558,-49.73,328.5,1.1,1,2015-01-03, 1650,A,81,5.0,302.9,24.2
-7.211,-50.42,324.6,1.1,1.1,2015-01-03, 1650,A,78,5.0,299.6,22.5
-6.699,-47.525,325.5,1,1,2015-01-03, 1650,A,58,5.0,308.8,17.3
-6.913,-50.436,316.2,1.1,1.1,2015-01-03, 1650,A,51,5.0,296.5,10.4
-6.832,-50.407,323,1.1,1,2015-01-03, 1650,A,67,5.0,302.9,18.1
-6.724,-49.885,347,1.1,1,2015-01-03, 1650,A,94,5.0,299,61.4
-7.034,-52.427,320.9,1.5,1.2,2015-01-03, 1650,A,69,5.0,299.6,30.2
-6.411,-50.071,311.4,1.1,1,2015-01-03, 1650,A,31,5.0,295.9,6.7
-5.987,-47.816,319.5,1,1,2015-01-03, 1650,A,39,5.0,299.7,10.5
-5.906,-50.405,328.1,1.1,1,2015-01-03, 1650,A,81,5.0,298.1,29.2
-5.908,-50.415,312.9,1.1,1,2015-01-03, 1650,A,56,5.0,296.8,8.9
-5.39,-50.004,318.4,1,1,2015-01-03, 1650,A,59,5.0,296,13
-4.671,-47.558,335.2,1.1,1,2015-01-03, 1650,A,87,5.0,301.6,35.4
-4.673,-47.567,324.1,1.1,1,2015-01-03, 1650,A,67,5.0,297.5,18.4
-4.412,-50.845,314,1.1,1,2015-01-03, 1650,A,50,5.0,298.5,10.1
-4.413,-50.855,315.6,1.1,1,2015-01-03, 1650,A,62,5.0,297.4,12.4
-4.407,-50.851,318.6,1.1,1,2015-01-03, 1650,A,70,5.0,298.3,15.3
-3.969,-49.393,319.7,1,1,2015-01-03, 1650,A,25,5.0,301.1,12
-4.02,-49.882,331.9,1,1,2015-01-03, 1650,A,80,5.0,299.4,29.5
-4.021,-49.892,319.1,1,1,2015-01-03, 1650,A,71,5.0,298.6,11.9
-4.023,-50.697,310.6,1.1,1,2015-01-03, 1650,A,32,5.0,294.1,5.7
-4.018,-50.703,325.8,1.1,1,2015-01-03, 1650,A,79,5.0,296.4,26.1
-3.981,-50.709,320.5,1.1,1,2015-01-03, 1650,A,69,5.0,294.6,18.4
-3.845,-50.598,317.2,1.1,1,2015-01-03, 1650,A,63,5.0,297,12.2
-3.769,-50.644,325.5,1.1,1,2015-01-03, 1650,A,79,5.0,298.7,24.1
-4.463,-55.867,311.8,2.4,1.5,2015-01-03, 1650,A,43,5.0,292.4,26.1
-3.537,-49.532,320.7,1,1,2015-01-03, 1650,A,50,5.0,301.1,13.4
-4.395,-55.643,313.2,2.3,1.5,2015-01-03, 1650,A,57,5.0,293.8,34.5
-4.23,-54.805,318.9,2,1.4,2015-01-03, 1650,A,70,5.0,294.7,40.5
-4.227,-54.811,319,2,1.4,2015-01-03, 1650,A,70,5.0,295,40.5
-3.683,-52.214,328.3,1.3,1.1,2015-01-03, 1650,A,77,5.0,296.6,31.9
-2.74,-45.856,326.3,1.3,1.1,2015-01-03, 1650,A,57,5.0,301.4,20.9
-3.64,-52.197,323.9,1.3,1.1,2015-01-03, 1650,A,77,5.0,296.3,27.9
-3.593,-52.078,314.5,1.2,1.1,2015-01-03, 1650,A,53,5.0,296.7,12.4
-3.154,-49.302,317.3,1,1,2015-01-03, 1650,A,66,5.0,301.8,11.7
-3.381,-51.085,317,1.1,1,2015-01-03, 1650,A,43,5.0,299,10.6
-3.378,-51.136,318.4,1.1,1,2015-01-03, 1650,A,41,5.0,300.4,13
-3.119,-49.38,318.2,1,1,2015-01-03, 1650,A,34,5.0,302.6,11.8
-3.435,-51.835,316.7,1.2,1.1,2015-01-03, 1650,A,59,5.0,297.4,14.4
-3.817,-54.767,328.3,1.9,1.4,2015-01-03, 1650,A,77,5.0,293.5,70.2
-3.146,-50.728,313.7,1.1,1,2015-01-03, 1650,A,56,5.0,299.1,9.6
-2.93,-49.534,320.3,1,1,2015-01-03, 1650,A,72,5.0,302.7,14.9
-3.449,-53.527,312.1,1.5,1.2,2015-01-03, 1650,A,45,5.0,293.5,18.2
-3.302,-53.293,346.5,1.5,1.2,2015-01-03, 1650,A,88,5.0,294.3,107.2
-2.414,-47.213,321.1,1.1,1.1,2015-01-03, 1650,A,0,5.0,290.5,18
-2.27,-47.323,321.6,1.1,1.1,2015-01-03, 1650,A,69,5.0,298.6,15
-3.006,-52.481,323.5,1.3,1.1,2015-01-03, 1650,A,56,5.0,296.8,24
-3.007,-52.492,349.2,1.3,1.1,2015-01-03, 1650,A,95,5.0,297.7,88.5
-2.996,-52.482,323,1.3,1.1,2015-01-03, 1650,A,68,5.0,298.4,23.8
-2.997,-52.493,319.9,1.3,1.1,2015-01-03, 1650,A,56,5.0,296.4,17.7
-3.017,-52.634,346,1.3,1.1,2015-01-03, 1650,A,88,5.0,297.6,82.5
-3.018,-52.646,347.7,1.3,1.1,2015-01-03, 1650,A,82,5.0,296.9,90.6
-2.254,-47.382,322.9,1.1,1.1,2015-01-03, 1650,A,54,5.0,298.2,15.6
-2.256,-47.392,330.4,1.1,1.1,2015-01-03, 1650,A,83,5.0,298.3,27.1
-3.01,-52.641,325.1,1.3,1.1,2015-01-03, 1650,A,78,5.0,297.5,27.9
-2.996,-52.691,313.1,1.3,1.1,2015-01-03, 1650,A,34,5.0,295.5,12.1
-2.14,-47.193,328.7,1.1,1.1,2015-01-03, 1650,A,64,5.0,297.7,23
-2.398,-48.962,319.6,1,1,2015-01-03, 1650,A,71,5.0,297.5,15
-2.134,-47.19,323.6,1.1,1.1,2015-01-03, 1650,A,47,5.0,298.3,16
-2.73,-51.891,323.8,1.2,1.1,2015-01-03, 1650,A,57,5.0,291.5,26
-3.022,-54.753,336.7,1.9,1.3,2015-01-03, 1650,A,83,5.0,293.5,96.5
-2.661,-52.277,328.7,1.2,1.1,2015-01-03, 1650,A,82,5.0,294.8,39.2
-3.016,-54.76,322.6,1.9,1.3,2015-01-03, 1650,A,65,5.0,291.4,46.3
-2.57,-52.353,319.8,1.3,1.1,2015-01-03, 1650,A,56,5.0,300.6,22.8
-1.701,-46.439,310.1,1.3,1.1,2015-01-03, 1650,A,0,5.0,288.6,19.5
-2.766,-54.217,313.1,1.7,1.3,2015-01-03, 1650,A,36,5.0,294.3,19.5
-2.467,-52.138,323.4,1.2,1.1,2015-01-03, 1650,A,76,5.0,297.6,25.8
-2.468,-52.149,317.9,1.2,1.1,2015-01-03, 1650,A,57,5.0,295.6,17.2
-2.768,-54.223,311.5,1.7,1.3,2015-01-03, 1650,A,32,5.0,293.7,17
-1.732,-47.221,337.8,1.2,1.1,2015-01-03, 1650,A,83,5.0,300.1,42.1
-2.68,-54.098,314.1,1.7,1.3,2015-01-03, 1650,A,54,5.0,295.6,19.2
-2.019,-49.727,319.7,1,1,2015-01-03, 1650,A,53,5.0,302.4,12.5
-1.954,-49.916,322.1,1,1,2015-01-03, 1650,A,67,5.0,304.4,16.2
-1.955,-49.925,319.8,1,1,2015-01-03, 1650,A,63,5.0,303.7,13.5
-2.005,-50.406,319.4,1,1,2015-01-03, 1650,A,71,5.0,299.8,14.2
-2.007,-50.415,312.5,1,1,2015-01-03, 1650,A,22,5.0,296.8,6.5
-2.972,-58.332,313.1,3.6,1.8,2015-01-03, 1650,A,43,5.0,291.3,62.1
-2.979,-58.339,311.1,3.6,1.8,2015-01-03, 1655,A,40,5.0,291.3,49.4
-1.977,-51.999,317.2,1.2,1.1,2015-01-03, 1655,A,64,5.0,292.6,18.2
-2.394,-55.063,321.1,1.9,1.4,2015-01-03, 1655,A,46,5.0,299.8,36.4
-2.208,-53.83,322.4,1.6,1.2,2015-01-03, 1655,A,61,5.0,298.7,25.5
-1.48,-49.244,320.4,1,1,2015-01-03, 1655,A,20,5.0,297.3,13.9
-2.06,-53.291,320.2,1.4,1.2,2015-01-03, 1655,A,67,5.0,297.5,23.8
-2.463,-57.044,333.8,2.8,1.6,2015-01-03, 1655,A,86,5.0,293.9,155.8
-2.466,-57.069,313.1,2.8,1.6,2015-01-03, 1655,A,57,5.0,293.4,36.2
-1.152,-47.856,350.4,1.1,1,2015-01-03, 1655,A,90,5.0,301,67.2
-1.153,-47.866,332.8,1.1,1,2015-01-03, 1655,A,80,5.0,299.8,27.9
-1.781,-52.401,327.1,1.2,1.1,2015-01-03, 1655,A,80,5.0,294.9,27.5
-1.779,-52.397,319.1,1.2,1.1,2015-01-03, 1655,A,53,5.0,295.8,13.5
-1.78,-52.408,316.6,1.2,1.1,2015-01-03, 1655,A,28,5.0,295.3,9.4
-2.46,-57.052,326.6,2.8,1.6,2015-01-03, 1655,A,80,5.0,293.9,105.2
-1.718,-52.394,329.9,1.2,1.1,2015-01-03, 1655,A,83,5.0,297.4,31.3
-1.894,-53.879,324.9,1.6,1.2,2015-01-03, 1655,A,74,5.0,301.3,31.2
-1.893,-53.884,325.7,1.6,1.2,2015-01-03, 1655,A,0,5.0,301.7,33.8
-1.861,-53.736,323.4,1.5,1.2,2015-01-03, 1655,A,0,5.0,300.1,25.5
-1.73,-53.203,323.2,1.4,1.2,2015-01-03, 1655,A,55,5.0,298.3,20.1
-1.827,-54.145,320.4,1.6,1.3,2015-01-03, 1655,A,57,5.0,297.6,21.7
-1.802,-54.046,328.8,1.6,1.2,2015-01-03, 1655,A,77,5.0,297.8,45.2
-1.804,-54.06,342.2,1.6,1.2,2015-01-03, 1655,A,86,5.0,295.1,90.6
-1.515,-52.193,321,1.2,1.1,2015-01-03, 1655,A,44,5.0,302.9,17.4
-1.912,-55.251,315.1,2,1.4,2015-01-03, 1655,A,63,5.0,295.7,22.5
-1.91,-55.256,313.3,2,1.4,2015-01-03, 1655,A,58,5.0,295.4,16.9
-1.483,-52.535,316.6,1.2,1.1,2015-01-03, 1655,A,20,5.0,297.4,12.4
-1.465,-52.481,325.3,1.2,1.1,2015-01-03, 1655,A,75,5.0,298.5,25.6
-1.353,-52.272,325.3,1.2,1.1,2015-01-03, 1655,A,78,5.0,295.8,24.4
-1.354,-52.282,325.6,1.2,1.1,2015-01-03, 1655,A,79,5.0,293.1,24.5
-1.713,-55.132,322.2,1.9,1.4,2015-01-03, 1655,A,75,5.0,295.4,40.5
-1.737,-55.305,318.6,2,1.4,2015-01-03, 1655,A,55,5.0,299.1,36.7
-1.709,-55.138,319.4,1.9,1.4,2015-01-03, 1655,A,71,5.0,294.8,33.1
-1.621,-54.618,319,1.7,1.3,2015-01-03, 1655,A,71,5.0,294.8,32.8
-1.447,-53.723,318,1.5,1.2,2015-01-03, 1655,A,51,5.0,298,18
-1.505,-54.786,322.1,1.8,1.3,2015-01-03, 1655,A,59,5.0,299.6,41.1
-1.508,-54.802,320,1.8,1.3,2015-01-03, 1655,A,72,5.0,298.6,32.1
-0.812,-51.77,316.9,1.1,1.1,2015-01-03, 1655,A,67,5.0,297.2,14.1
-0.813,-51.78,320.5,1.1,1.1,2015-01-03, 1655,A,69,5.0,297.3,18.9
-0.79,-51.923,316.9,1.1,1.1,2015-01-03, 1655,A,31,5.0,297.5,11.5
-0.946,-53.207,312.1,1.4,1.2,2015-01-03, 1655,A,38,5.0,295.5,14.6
-0.323,-49.137,332,1,1,2015-01-03, 1655,A,70,5.0,302.5,21.9
-0.325,-49.146,332.8,1,1,2015-01-03, 1655,A,76,5.0,305.7,23.1
-0.305,-51.515,329.5,1.1,1,2015-01-03, 1655,A,82,5.0,298,25.9
0.031,-49.42,317,1,1,2015-01-03, 1655,A,67,5.0,301.9,12.1
0.31,-51.009,328.2,1,1,2015-01-03, 1655,A,56,5.0,304.2,20.8
0.965,-50.803,316.4,1,1,2015-01-03, 1655,A,46,5.0,301.1,9.2
1.198,-50.529,350.3,1,1,2015-01-03, 1655,A,0,5.0,299.8,66
0.071,-60.57,310.6,4.8,2,2015-01-03, 1655,A,41,5.0,289.4,84.9
1.687,-50.901,326.3,1,1,2015-01-03, 1655,A,56,5.0,300.8,20.4
1.717,-51.08,313,1,1,2015-01-03, 1655,A,45,5.0,297.2,8.3
1.716,-51.089,316.8,1,1,2015-01-03, 1655,A,31,5.0,301.2,12.7
0.848,-59.369,310.5,3.8,1.8,2015-01-03, 1655,A,39,5.0,285.7,67.1
0.943,-59.461,312,3.8,1.8,2015-01-03, 1655,A,52,5.0,287.4,72.1
0.938,-59.495,321.4,3.8,1.8,2015-01-03, 1655,A,74,5.0,289.8,143.1
0.927,-59.497,314.8,3.8,1.8,2015-01-03, 1655,A,57,5.0,288.3,86.1
2.029,-56.072,322.7,2,1.4,2015-01-03, 1655,A,71,5.0,296.1,52.9
2.402,-59.712,318.7,3.8,1.8,2015-01-03, 1655,A,58,5.0,294.6,65.4
3.141,-59.814,319.2,3.7,1.8,2015-01-03, 1655,A,33,5.0,298.9,81.9
3.069,-60.802,317.6,4.5,1.9,2015-01-03, 1655,A,68,5.0,298.2,67.5
3.49,-59.752,319,3.6,1.8,2015-01-03, 1655,A,70,5.0,295.3,77.9
3.63,-60.021,310.6,3.8,1.8,2015-01-03, 1655,A,32,5.0,288.8,33.9
0.988,-71.253,321.8,1.4,1.2,2015-01-03, 1830,A,74,5.0,293.6,28.5
2.57,-72.201,320.2,1.3,1.1,2015-01-03, 1830,A,67,5.0,296.5,20.8
2.585,-72.237,322.2,1.2,1.1,2015-01-03, 1830,A,64,5.0,296.9,23
3.185,-68.236,321.5,2.5,1.5,2015-01-03, 1830,A,74,5.0,295,67.3
3.194,-68.22,314.2,2.5,1.5,2015-01-03, 1830,A,60,5.0,294.8,34.9
3.191,-68.242,317.3,2.5,1.5,2015-01-03, 1830,A,68,5.0,295.3,48.3
-0.338,-51.481,321,1.1,1,2015-01-03, 1655,A,73,5.0,299.6,15.8
-0.339,-51.491,320.3,1.1,1,2015-01-03, 1655,A,63,5.0,300,13.3
3.205,-73.19,345.4,1.1,1.1,2015-01-03, 1835,A,88,5.0,301.1,62
3.216,-73.181,328.2,1.1,1.1,2015-01-03, 1835,A,75,5.0,298.5,27.1
3.515,-71.493,321,1.4,1.2,2015-01-03, 1835,A,73,5.0,298.5,23.2
3.403,-72.441,347.3,1.2,1.1,2015-01-03, 1835,A,94,5.0,297.8,74.7
3.652,-71.253,323.9,1.5,1.2,2015-01-03, 1835,A,77,5.0,298.5,32.5
3.644,-71.962,324.5,1.3,1.1,2015-01-03, 1835,A,78,5.0,302.1,22.2
3.614,-72.243,338.5,1.3,1.1,2015-01-03, 1835,A,89,5.0,303.9,52
3.613,-72.255,326.5,1.3,1.1,2015-01-03, 1835,A,80,5.0,303.7,24.8
3.47,-73.266,319.5,1.1,1.1,2015-01-03, 1835,A,36,5.0,301.1,11.8
3.741,-71.621,325.8,1.4,1.2,2015-01-03, 1835,A,79,5.0,301.2,29.4
3.674,-72.258,324,1.3,1.1,2015-01-03, 1835,A,41,5.0,302.5,21.6
3.865,-71.199,322.2,1.5,1.2,2015-01-03, 1835,A,75,5.0,300,26.9
3.888,-71.29,317.4,1.5,1.2,2015-01-03, 1835,A,38,5.0,299.7,17.5
4.012,-70.554,313.5,1.7,1.3,2015-01-03, 1835,A,18,5.0,295.5,12.1
3.735,-73.137,344.9,1.1,1.1,2015-01-03, 1835,A,81,5.0,300,63.1
4.058,-71.056,318.8,1.6,1.2,2015-01-03, 1835,A,61,5.0,296.6,20.1
4.238,-71.079,319.4,1.6,1.2,2015-01-03, 1835,A,40,5.0,300.6,21.7
4.874,-68.352,320.1,2.6,1.6,2015-01-03, 1835,A,72,5.0,295.7,56.7
4.652,-70.824,343.4,1.7,1.3,2015-01-03, 1835,A,87,5.0,297.8,100
5.018,-69.696,324.1,2.1,1.4,2015-01-03, 1835,A,73,5.0,295.9,45.9
5.018,-69.701,322.7,2.1,1.4,2015-01-03, 1835,A,71,5.0,297.6,44
5.102,-70.134,343.2,1.9,1.3,2015-01-03, 1835,A,92,5.0,300.6,122.7
5.206,-71.45,341.8,1.5,1.2,2015-01-03, 1835,A,86,5.0,299.9,80.6
5.874,-72.286,314.5,1.4,1.2,2015-01-03, 1835,A,52,5.0,299.7,13.7
5.974,-72.021,319.5,1.4,1.2,2015-01-03, 1835,A,71,5.0,300.2,23.9
